kapper;1_profit;1_bets;2_profit;2_bets;3_profit;3_bets;4_profit;4_bets;5_profit;5_bets;6_profit;6_bets;7_profit;7_bets;8_profit;8_bets;9_profit;9_bets;10_profit;10_bets;11_profit;11_bets;12_profit;12_bets;13_profit;13_bets;14_profit;14_bets;15_profit;15_bets;16_profit;16_bets;17_profit;17_bets;18_profit;18_bets;19_profit;19_bets;20_profit;20_bets;21_profit;21_bets;22_profit;22_bets;23_profit;23_bets;24_profit;24_bets;25_profit;25_bets;26_profit;26_bets;27_profit;27_bets;28_profit;28_bets;29_profit;29_bets;30_profit;30_bets
PotPotPot;11.02;12;40.43;18;48.54;29;86.3;37;109.59;43;139.08;49;132.33;59;87.74;73;88.6;85;96.63;95;120.68;96;118.84;103;157.71;117;158.72;129;123.59;131;145.22;141;144;154;162.49;159;176.17;164;176.17;164;169.83;173;195.67;176;226.48;184;199.91;189;183.57;200;183.57;200;183.57;200;198.57;210;198.57;210;198.57;210
Alexbasket;3.08;4;4.82;9;2.98;13;33.03;19;41.5;23;32.27;28;49.62;31;48.03;35;46.02;39;63.8;42;66.42;47;75.61;50;87.94;54;107.68;57;125.63;59;132.09;62;129.86;64;127.65;66;127.65;66;127.65;66;137.07;69;164.55;70;164.55;70;164.55;70;151.36;71;173.1;74;196.17;75;221.5;77;221.5;77;221.5;77
spasatel13;-3.87;3;-20.76;11;-21.06;12;-24.99;14;25.73;21;43.42;29;67.58;34;82.42;37;78.57;39;73.91;46;100.23;50;105.03;61;173.6;71;132.36;84;79.87;91;48.78;102;19.45;112;28.89;122;63.79;132;30;139;-5.51;148;52.39;159;82.08;170;86.5;181;81.3;193;90.04;205;126.17;212;142.81;217;142.81;217;142.81;217
Russlr13;-1.05;3;-1.05;3;3.15;5;22.35;9;22.35;9;17.29;10;20.86;13;42.34;20;51.91;21;58.18;25;58.18;25;55.72;26;55.72;26;62.32;28;75.56;30;112.82;32;102.19;33;102.19;33;102.19;33;92.1;34;108.53;36;134.21;39;134.21;39;142.96;43;142.96;43;119.29;44;119.29;44;125.06;47;125.06;47;125.06;47
Mr.Stavka;0;4;0;4;0;4;0;4;0;4;0;4;0;4;0;4;0;4;0;4;0;4;6.98;10;9.71;19;12.97;23;25.2;26;39.64;29;48.38;35;70.95;41;92.11;44;92.14;49;73.42;51;56.67;58;97.69;66;99.32;72;96.66;76;120.06;78;120.06;78;148.91;83;148.91;83;148.91;83
toporkov_ms;0;8;0;8;0;8;0;8;0;8;0;8;0;8;-3.44;15;25.85;19;24.07;24;24.07;24;24.07;24;34.97;30;43.1;34;54.29;40;62.82;48;96.36;50;80.96;58;82.86;67;97.17;71;76.47;75;102.72;81;92.21;84;89.58;86;98;89;97.51;91;116.17;92;116.17;92;116.17;92;116.17;92
bbmaster;-9.81;5;-12.39;10;5.39;14;13.77;17;21.86;21;44.58;31;44.58;31;44.58;31;44.58;33;53.84;36;73.17;39;79.08;42;53.54;47;93.79;49;101.54;51;119.13;55;134.43;57;97.77;66;102.99;68;91.35;71;107.68;72;107.68;72;124.11;76;127.72;81;138.2;82;126.29;83;114.97;84;114.97;84;114.97;84;114.97;84
Psih42;6.37;6;-1.03;12;-14.06;18;-6.47;22;-1.87;25;-8.68;32;16.14;36;11;42;36.91;52;35.5;60;21.53;71;31.3;75;35.84;83;36.05;85;25.38;86;25.38;86;30.62;90;22.9;92;22.9;92;23.47;98;42.09;104;46.95;112;57.88;118;63.98;124;73.19;127;69.17;139;72.07;143;74.54;147;74.54;147;74.54;147
Rocky97;11.03;9;26.84;18;31.84;22;39.42;31;48.48;40;31.48;47;10.29;55;21.02;63;22.18;71;22.18;71;22.18;71;40.52;80;44.5;85;44.17;88;52.89;96;66.28;97;66.28;97;73.74;102;73.69;111;74.29;116;87.03;120;75.07;125;76.37;126;76.37;126;76.37;126;76.37;126;76.37;126;76.37;126;76.37;126;76.37;126
mikbets;2.74;3;9.55;6;26.59;9;29.94;10;39.9;13;53.9;15;64.68;17;55.13;20;43.99;24;43.99;25;36.22;27;36.22;27;36.22;27;36.22;27;33.95;30;37.56;31;43.12;34;31.01;39;31.01;39;29.19;41;33.27;43;28.1;46;36.99;50;36.66;53;43.82;56;53.46;59;47.42;64;67.35;67;67.35;67;67.35;67
Tishka82;6.27;6;8.59;9;20.56;10;20.56;15;26.69;18;22.94;20;22.94;21;29.89;24;28.85;29;28.85;30;48.27;36;28.33;41;26.54;42;30.59;44;27.71;46;27.71;46;27.71;48;27.71;48;12.9;52;7.25;53;13.39;56;26.42;59;37.5;63;47.69;66;63.46;71;67.64;78;71.37;80;62.8;82;62.8;82;62.8;82
%d2%e2%ee%e9+%ef%f0%ee%e3%ed%ee%e7;15.49;9;22.43;14;28.21;16;15.75;24;23.13;32;21.06;36;26.89;42;30.28;44;29.36;48;23.81;50;31.69;58;36.31;67;22.57;71;44.75;74;59.24;81;55.97;90;65.49;93;41.94;101;54.91;110;26.66;117;49.5;123;56.25;132;40.7;134;27;142;40.01;150;47.98;157;56.31;160;60.22;165;60.22;165;60.22;165
polaris;3.6;2;7.17;3;1.81;4;1.81;4;5.78;5;55.46;18;70.48;20;75.77;21;83.06;22;95.68;23;95.68;23;105.66;24;95.38;25;85.62;26;85.62;26;88.66;33;88.66;33;88.66;33;88.66;33;88.66;33;77.97;35;85.08;36;85.08;36;85.08;36;91.93;38;103.48;40;93.3;41;99.06;46;99.06;46;99.06;46
oxxxximiron;4.3;3;14.47;8;3.45;11;7.33;13;13.65;20;7.26;21;5.13;27;5.13;27;-0.12;29;-0.12;29;-0.12;29;13.06;32;7.41;36;8.14;38;21.65;40;10.06;43;24.88;45;29.63;48;30.27;49;22.22;53;8.19;56;7.09;61;17.26;65;33.33;71;33.33;72;30.54;78;35.84;79;36.1;89;36.1;89;36.1;89
aleshka09;1.71;3;2.3;14;2.46;17;8.06;19;6.83;27;6.83;27;15.81;33;26.88;38;30.24;46;32.11;50;25.31;56;20.12;61;24.42;70;32;76;35.41;84;23.08;94;30.75;103;22.89;106;15.62;108;10.95;115;19.31;124;20.01;128;31.32;135;33.12;138;34.77;142;39.59;143;39.59;143;47.33;146;47.33;146;47.33;146
vlgrprsn;4.69;3;6.5;6;6.5;6;12.57;8;13.6;10;12.5;12;22.78;16;30.29;18;33.54;20;26.72;24;33.91;25;53.58;31;63.69;35;63.61;36;61.1;40;67.98;42;83.25;46;87.84;50;61.62;51;61.62;51;61.62;51;61.62;51;61.62;51;61.62;51;61.62;51;61.62;51;61.62;51;61.62;51;61.62;51;61.62;51
alexcuba;1.94;2;1.94;2;1.94;2;1.94;3;1.94;4;1.94;4;1.94;11;1.94;11;5.2;13;5.2;13;2.84;14;5.03;15;18.85;21;22.01;28;22.01;32;18.66;34;31.72;35;31.72;43;41;48;41;48;41;48;41;50;41;50;41;54;53.52;62;53.52;62;53.52;62;53.52;62;53.52;62;53.52;62
%d2%e5%ed%ed%e8%f1+%ca%e0%ef%ef%e5%f0;14.12;7;16.7;8;33.92;11;40.01;13;40.01;13;40.01;13;40.01;13;40.01;13;40.01;13;33;22;32.79;24;41.23;28;49.86;32;42.37;33;40.12;36;33.22;38;38.88;42;33.04;50;45.2;54;54.42;58;66.35;67;97.59;72;60.94;77;58.44;79;58.44;79;58.44;79;58.44;79;58.44;79;58.44;79;58.44;79
Redington;4.25;4;-3.96;8;-0.74;9;12.57;13;12.57;13;12.57;13;12.57;13;12.57;13;16.25;18;31.74;21;25;23;25;23;25;23;25;23;61.95;28;61.95;31;65.01;34;56.37;35;56.37;35;70.66;37;62.13;38;54.03;39;54.03;39;54.03;39;65.19;40;65.19;40;65.19;40;56.93;41;56.93;41;56.93;41
kornnet75;0;2;1.66;5;1.66;5;-3.15;6;-0.87;8;12.84;12;12.84;12;20.3;16;19.13;17;19.13;17;24.94;21;24.94;23;6.81;24;6.81;25;6.81;27;11.52;28;17.07;30;17.07;30;17.07;30;21.56;31;21.56;31;21.56;33;31.08;35;31.08;36;37.51;41;37.57;42;37.57;42;37.57;43;37.57;43;37.57;43
mishazem;0;4;14.49;7;20.8;10;49.73;15;88.08;20;86.26;24;65.32;29;83.25;33;96.47;37;133.38;38;110.65;44;110.65;44;139.63;48;139.98;51;107.54;54;96.37;57;96.37;57;96.37;57;96.37;57;85.67;60;77.54;61;77.54;61;77.54;61;77.54;61;88.5;64;71.1;67;71.55;72;71.55;72;71.55;72;71.55;72
ximany;0;3;-14.18;5;-13.5;8;-13.5;8;0.11;9;0.11;9;4.47;12;18.43;15;24.03;17;13.24;20;13.24;20;13.24;20;13.24;20;13.24;20;6.05;22;6.05;22;4.29;23;7.89;27;-13.6;35;-11.88;41;3.16;49;13.56;54;29.48;58;9.33;61;37.18;66;36.58;74;36.58;76;25.26;80;25.26;80;25.26;80
CocoJambo2020;0.68;2;0.68;2;2.28;5;0.24;7;2.86;9;-0.12;10;3.06;11;-2.08;12;0.28;13;3.77;15;1.31;17;4;20;14.57;24;18.75;27;20.69;30;24.56;34;27.86;36;27.86;37;20.95;39;26.7;41;29.41;43;25.54;44;30.4;46;27.58;48;31;49;33.14;50;36.81;51;40.37;52;40.37;52;40.37;52
sedoy7390;0;2;0;2;0;2;0;2;0;2;0;2;0;2;0;2;0;2;0;2;0;2;0;2;0;2;0;2;0;2;0;2;0;2;0;2;0;2;0;2;0;2;0;2;0;2;3.9;8;17.23;12;26.54;20;28.87;26;30.63;32;30.63;32;30.63;32
SEREHA18;0;1;1.54;3;-1.51;4;-1.51;4;2.77;6;8.07;8;15.02;9;15.02;11;24.66;12;19.67;13;25.4;15;25.06;18;33.56;19;29.55;20;24.38;24;24.41;29;39.88;31;44.13;32;48.73;37;53.37;40;53.37;40;60.72;41;48.12;44;47.88;46;47.88;46;47.05;49;50.04;50;50.04;50;50.04;50;50.04;50
no_no_nameq;0;3;0;3;3.94;4;3.94;4;3.94;4;3.94;4;3.94;4;15.96;5;21.62;6;15.55;7;15.55;7;15.55;7;20.21;8;20.21;8;20.21;8;20.21;8;20.21;8;20.21;9;30.67;10;30.67;10;30.67;10;24.14;11;24.14;11;17.94;13;17.94;13;35.13;14;55.61;16;55.61;16;55.61;16;55.61;16
Lihou;0;2;-1.79;4;-2.39;6;-4.19;7;6.69;10;-3.68;11;-3.68;11;-3.68;11;-3.68;11;-0.03;12;-0.03;12;-0.03;12;-0.03;12;-0.03;12;-0.03;12;-0.03;12;-0.03;12;-0.03;12;-0.03;12;11.01;13;15.72;14;24.97;17;35.31;18;28.54;20;26.26;22;32.08;24;37.62;25;37.73;27;37.73;27;37.73;27
rammsteinius;0;1;0;1;0;1;0;1;0;1;0;1;0;1;0;1;0;1;0;1;0;1;0;1;0;1;0;1;0;1;0;1;0;1;2.98;4;10.82;7;0.04;9;6.05;11;0.76;13;0.76;15;4.07;17;17.05;21;22;23;31.21;26;35.28;28;35.28;28;35.28;28
%cf%ee%e1%e5%e4%ee%ed%ee%f1%ed%fb%e9;0;3;-7.08;9;1.87;15;14.87;19;13.3;26;30.84;29;13.37;33;13.37;33;13.37;33;13.37;33;26.97;41;26.97;41;25.9;43;25.9;43;25.9;43;25.9;43;29.56;45;29.56;45;29.56;45;29.56;45;40.98;46;40.98;46;40.98;46;40.98;46;40.98;46;40.98;46;40.98;46;40.98;46;40.98;46;40.98;46
dykeria1988;0;4;0;4;0;4;0;4;0;4;0;4;0;4;0;4;0;4;0;4;0;4;0;4;0;4;0;4;0;4;0;4;0;4;0;4;0;4;4.74;6;3.84;8;9.36;12;12.37;15;13.79;16;17.86;18;10.92;20;7.58;21;12.14;23;12.14;23;12.14;23
MMAmator;0;1;0;1;0;1;0;1;0;1;0;1;0;1;0;1;0;1;0;1;0;1;0;1;0;1;0;1;0;1;13.04;2;13.04;4;14.2;6;14.2;6;27.34;7;20.98;8;27.04;13;48.3;15;40.89;17;40.89;17;40.89;17;40.89;17;40.89;17;40.89;17;40.89;17
emilzhalilov;0;1;0;1;0;1;0;1;-5;2;-1.87;4;-5.23;5;6.79;7;11.89;8;21.33;11;21.33;11;29.79;13;29.79;13;23.31;14;23.31;14;23.31;15;23.31;16;25.58;18;29.61;19;35.93;20;35.93;20;35.93;20;35.93;20;35.93;22;35.93;22;35.93;22;35.93;22;35.93;22;35.93;22;35.93;22
ortega90;0;1;0;1;0;1;0;1;0;1;0;1;0;1;0;1;0;1;5.93;2;0.63;7;12.47;9;17.34;10;17.34;10;19.69;16;19.69;16;19.69;16;19.69;16;21.71;17;21.71;17;21.71;19;21.71;19;21.71;19;21.71;21;21.71;21;21.71;21;21.71;21;21.71;21;21.71;21;21.71;21
Bustdown;0;2;9.59;5;9.59;5;9.59;5;9.59;5;9.59;5;9.59;5;9.59;5;9.59;5;9.59;5;9.59;5;9.59;5;9.59;5;9.59;5;9.59;5;9.59;5;9.59;5;9.59;5;9.59;5;9.59;5;9.59;5;9.59;5;23.94;9;26.28;13;19.99;14;19.99;14;38.1;20;38.1;20;38.1;20;38.1;20
Komanda.Analitikov;0;2;4.94;3;8.72;4;11.78;5;8.42;7;13.41;8;13.41;10;12.29;12;15.6;13;19.19;15;19.19;15;19.19;15;19.19;15;19.19;15;19.19;15;19.19;15;19.19;15;19.19;15;19.19;15;19.19;15;19.19;15;19.19;15;19.19;15;19.19;15;20.24;17;30.26;18;30.26;18;30.26;18;30.26;18;30.26;18
Sharkofbetting;0;1;0;1;0;1;0;1;0;1;3;2;3;2;3;2;3;2;3;2;3;2;3;2;3;2;3;2;5.16;4;13.76;5;13.76;7;20.4;10;30.71;14;32.41;15;38.68;18;33.58;22;31.99;26;32.34;33;33.79;34;26.21;36;21.18;37;22.89;39;22.89;39;22.89;39
Billi Bons;0;1;0;1;-4.99;2;-4.99;2;-8.8;3;-8.8;3;-8.8;3;-8.8;3;-13.35;4;-13.35;4;-13.35;4;-13.35;4;-4.7;5;4.31;6;4.31;6;4.31;6;4.31;6;19.8;7;13.82;8;2.73;10;2.73;10;2.73;10;2.73;10;5.86;15;3.47;27;8.21;32;36.3;40;35.81;42;35.81;42;35.81;42
Sebesh-5;0;1;0;1;1.14;3;0.34;5;4.9;6;6.9;10;6.9;10;0.37;11;2.86;14;7.62;15;9.44;16;3.97;17;6.25;23;6.25;23;17.46;27;25.05;29;32.31;32;32.31;32;32.31;35;24.51;36;26.99;37;29.15;41;28.64;42;28.64;42;30.44;47;27.18;48;27.18;48;27.18;48;27.18;48;27.18;48
ArtDav;0;5;0;5;0;5;0;5;0;5;0;5;0;5;0;5;0;5;0;5;0;5;0;5;0;5;0;5;-7.7;6;-1.26;13;13.11;18;13.11;18;14.59;23;22.02;27;29.74;30;36.53;38;42.06;40;41.29;43;21.6;50;26.14;58;37.43;60;37.43;60;37.43;60;37.43;60
CB;0;5;10.74;10;0.16;14;2.36;20;3.36;22;2.1;25;2.1;25;4.46;28;7.01;32;7.23;33;4.08;36;8.58;41;17.03;44;22.26;46;21.61;50;24.73;53;31.95;55;31.95;55;25.67;59;32.49;61;36.22;63;37.89;66;38.83;70;38.83;70;33.08;71;29.94;75;29.94;75;29.94;75;29.94;75;29.94;75
ExpressMachine;0;7;0;7;0;7;0;7;-5.3;10;-3.4;12;-11.14;15;-11.14;15;-6.96;16;-2.86;23;-2.86;23;12.99;24;12.99;24;12.99;24;12.99;27;16.86;29;20.46;30;20.46;30;26.22;31;26.22;31;31.25;32;27.38;34;37.39;35;40.95;38;40.95;38;40.95;38;36.12;40;36.12;40;36.12;40;36.12;40
Limonchello;0;4;0;4;0;4;0;4;0;4;0;4;0;4;0;4;0;4;0;4;0;4;0;4;0;4;0;4;0;4;0;4;0;4;0;4;0;4;0;4;0;4;0;4;0;4;0;4;0;4;8.64;14;13.48;25;12.6;31;12.6;31;12.6;31
AquaToRia;0;2;0;2;0;2;0;2;0;2;1.92;3;1.92;3;4.16;5;8.68;6;5.42;7;5.42;13;17.14;14;17.14;14;17.14;14;20.68;16;20.68;16;27.02;17;28.81;18;31.13;20;31.13;20;37.41;21;31.22;22;31.22;22;31.22;23;31.22;23;31.22;23;31.22;23;31.22;23;31.22;23;31.22;23
Dan1986;-0.74;8;-4.9;13;-1.37;17;2.05;23;8.36;30;17.72;35;11.06;41;30.86;47;42.58;50;44.03;51;34.62;57;21.79;62;23.54;67;16.69;71;22.72;75;15.67;79;15.47;82;25.31;87;30.51;96;34.32;100;39.54;102;39.57;108;41.97;110;41.97;110;47.95;114;41.46;119;31.9;121;31.5;123;31.5;123;31.5;123
Kirill22rus;-2.99;7;1.99;12;-5.55;13;-10.25;17;-10.25;17;-5.95;21;-17.71;23;-5.9;32;6.82;35;6.81;44;2.59;49;10.1;58;24.47;64;25.23;72;29.55;82;29.55;82;25.7;83;23.18;84;22.53;91;33.1;101;32.5;103;31.74;106;31.74;106;20.24;110;20.24;110;15.64;118;15.64;118;15.64;118;15.64;118;15.64;118
motherbetmans;0;1;0;1;0;1;0;1;0;1;-5;2;-5;2;-5;2;-5;2;-5;2;-5;2;-5;2;-5;2;-5;2;3.92;8;7.73;11;7.73;13;23.46;16;19.77;22;8.39;27;11.86;31;11.86;31;10.26;35;10.26;35;-1.71;39;-2.09;43;2.58;46;6.91;47;6.91;47;6.91;47
ZEDD DJ;0;1;0;1;0;1;0;1;0;1;0;1;0;1;0;1;-2.01;2;0.93;3;-0.57;4;2.37;5;4.58;6;7.54;7;7.54;7;5.38;8;8.27;10;12.06;11;6.68;12;6.68;12;6.68;12;10.43;18;13.96;20;24.92;23;24.92;23;24.92;23;24.92;23;24.92;23;24.92;23;24.92;23
SergejRabotyaga;0;5;9.09;6;12.24;10;12.24;10;10.28;12;11.44;13;11.44;13;11.44;13;11.44;13;11.44;13;11.44;13;14.83;14;14.83;14;14.83;14;14.83;14;14.83;14;14.83;14;14.83;14;14.83;14;14.83;14;9.1;16;9.1;16;9.1;16;9.1;16;19.29;19;19.29;19;19.29;19;19.29;19;19.29;19;19.29;19
SlivaxG;0;2;11.42;5;11.42;5;11.42;5;11.42;5;5.87;6;0.61;7;4.52;9;4.52;9;1.89;11;1.89;11;9.01;14;12.68;15;19.57;17;22.6;19;25.92;22;23.79;23;23.79;23;28;25;32.92;26;26.29;29;29.89;31;27.46;32;27.46;33;26.98;35;20.64;41;14.57;42;14.57;42;14.57;42;14.57;42
Profibasket;3.88;2;8.08;5;21.45;6;16.62;9;35.18;14;40.04;15;46.6;17;45.33;18;54.52;23;58.88;25;61.89;27;39.56;32;31.94;36;25.37;37;32.12;38;38.01;40;39.66;43;51.53;45;40.06;50;26.45;52;44.91;53;37.69;54;37.69;54;37.69;54;37.69;54;31.49;56;31.49;56;31.49;56;31.49;56;31.49;56
bkvl1961;2.92;5;4.43;8;7.23;11;6.78;13;12.71;16;14.23;17;10.8;21;19.18;23;15.72;24;12.24;25;12.8;28;13.34;29;16;30;13.69;32;13.69;32;13.69;34;18.01;36;17.39;38;26.14;49;28.35;54;27.59;55;23.77;58;30.77;63;27.76;67;29.58;73;26.68;77;27.51;79;21.83;80;21.83;80;21.83;80
kartuch;5.01;8;24.32;13;23.95;19;44.9;27;34.91;33;40;37;47.65;39;31.42;43;16.92;47;29.19;53;12.57;59;10.68;63;-4.07;70;-0.84;76;-13.82;81;-4.55;85;-4.55;85;-8.98;86;-13.53;89;-8.76;90;-8.76;90;-8.76;90;-8.76;90;-8.76;90;-6.12;91;-10.81;92;-10.81;92;-8.36;95;-8.36;95;-8.36;95
Myr4ik;0;2;-1.46;4;-2.12;9;6.08;11;1.51;13;1.51;13;1.51;13;1.51;13;1.51;13;1.51;13;1.51;13;1.51;13;1.51;13;-0.25;16;-0.25;16;-0.25;16;-0.25;16;2;21;7.34;22;19.22;24;23.75;25;23.75;25;19.96;27;20.78;28;20.78;28;20.78;28;20.78;28;20.78;29;20.78;29;20.78;29
UUB;0;3;0;3;0;3;0;3;0;3;0;3;0;3;0;3;0;3;0;3;0;3;4.62;4;4.62;4;4.62;4;4.62;7;12.5;10;12.5;10;12.5;10;12.5;10;12.5;14;12.5;14;12.5;14;12.5;14;6.91;17;14.5;18;14.5;18;14.5;18;14.5;20;14.5;20;14.5;20
gwdtud2;0;3;-1.7;4;1.98;5;3.38;7;2.22;9;5.26;11;5.26;13;11.27;15;15.82;16;18.56;18;21.89;20;24.15;22;23.55;24;16.63;26;23.11;28;26.53;29;23.54;30;25.91;31;25.91;31;22.53;32;22.53;32;22.53;32;23.98;33;23.98;33;23.98;33;20.27;34;20.27;34;22.96;35;22.96;35;22.96;35
sasha79617;0;2;0;2;0;2;0;2;0;2;0;2;0;2;0;2;0;2;0;2;0;2;0;2;0;2;0;2;2.62;4;2.62;4;2.62;4;2.62;4;2.62;4;2.62;4;2.62;4;7.08;7;2.8;8;2.8;8;7.53;14;14.25;17;19;18;19;19;19;19;19;19
tumanov19;0;1;0;1;0;1;0;1;0;1;0;1;0;1;0;1;0;1;0;1;0;1;0;1;0;1;0;1;0;1;0;1;0;1;0;1;0;1;0;1;0;1;0;1;3.65;2;6.18;3;9.15;4;15.28;7;9.51;8;12.96;10;12.96;10;12.96;10
FFrankie;0;1;0;1;0;1;0;1;0;1;0;1;0;1;0;1;0;1;0;1;-0.26;7;-0.26;7;-0.26;7;-0.26;7;-0.26;7;-0.26;7;-0.26;7;-0.26;7;-0.26;7;-0.26;7;-0.26;7;-0.26;7;-0.26;7;-0.26;7;8.37;15;20.65;20;65.08;29;44.61;34;44.61;34;44.61;34
Ggg77;0;2;0;2;-6.82;3;-6.82;3;-4.77;4;-4.77;4;-4.77;4;-3.14;5;-3.14;5;-1.5;6;1.13;7;1.13;7;4.16;10;11.77;11;8.36;15;5.7;16;5.7;16;8.83;17;8.83;17;8.83;17;8.83;17;10.44;19;14.94;20;14.94;20;14.94;20;15.84;22;15.84;22;15.84;22;15.84;22;15.84;22
%c4%e8%ec%ea%e01995;0;1;1.89;2;-3.2;3;-3.2;3;-3.2;3;0.36;4;0.36;4;0.36;4;0.36;4;2.93;5;36.27;8;37.91;11;37.91;11;41.81;14;33.67;16;22.26;19;10.98;20;10.98;20;14.75;23;16.19;24;16.19;24;11.48;25;14.97;26;14.97;27;14.97;27;18.79;29;17.47;30;17.47;30;17.47;30;17.47;30
Stun;0;1;4.43;2;-0.75;7;6.68;10;6.68;10;0.08;12;-0.57;13;3.24;19;10.43;20;10.43;22;11.92;26;11.92;26;11.92;26;13.75;27;17.6;32;23.84;37;7.9;38;6.19;42;6.19;42;16.72;45;19.08;46;13.14;48;20.56;49;25.02;51;22.7;54;14.99;55;9.25;56;12.73;57;12.73;57;12.73;57
SVL1986;0;3;0;3;0;3;0;3;0;3;0;3;0;3;0;3;0;3;0;3;0;3;0;3;12.2;4;16.9;5;16.9;5;16.9;5;11.11;7;11.11;7;11.11;7;11.11;7;11.11;7;11.11;7;11.11;7;11.11;7;11.11;7;18.37;11;23.37;13;23.37;13;23.37;13;23.37;13
LUGANO;0;1;6.02;3;0.75;4;0.75;4;6.24;5;8.9;6;12.52;7;12.52;7;9.14;8;9.14;8;9.14;8;9.14;8;12.52;9;15.35;10;15.35;11;22.66;12;22.66;12;29.48;14;29.48;14;23.46;19;23.46;19;23.46;19;22.38;21;25.21;23;25.21;23;25.21;23;25.21;23;25.21;23;25.21;23;25.21;23
super3kzo;3.15;4;3.15;4;3.15;4;3.15;4;3.15;4;3.15;4;3.15;4;3.15;4;3.15;4;3.15;4;3.15;4;3.15;4;3.15;4;3.15;4;3.15;4;3.15;4;3.15;4;3.15;4;3.15;4;3.15;4;3.15;4;8.82;10;24.22;13;19.62;20;19.62;20;19.62;20;19.62;20;19.62;20;19.62;20;19.62;20
Maestro32;0;2;-0.61;3;-0.61;3;-0.61;3;-0.61;3;-0.61;3;-0.61;3;-0.61;3;-0.61;3;-0.61;3;1.2;6;1.2;6;1.2;6;1.2;6;1.2;6;1.98;12;8.52;17;9.2;22;5.55;25;9.29;28;1.64;30;3.1;33;-2.05;38;-3.22;41;-2.8;42;-0.59;43;0.97;47;4.62;49;4.62;49;4.62;49
pavelx2013;0;1;0;1;0;1;0;1;0;1;0;1;0;1;0;1;1.81;2;4.12;3;6.12;4;7.93;6;12.13;7;14.29;8;10.86;10;12.52;11;14.09;12;14.09;12;11.8;13;9;14;9;14;11.17;15;13.17;16;13.17;16;13.17;17;15.18;18;15.18;18;15.18;18;15.18;18;15.18;18
selvik;0;1;0;1;0;1;0;1;6.15;2;10.02;3;10.02;3;10.02;3;10.02;3;16.94;4;11.1;6;20.03;8;20.03;9;20.03;9;14.05;10;19.63;11;13.65;12;13.65;12;13.65;12;13.65;12;13.65;12;8.01;13;8.01;14;8.01;14;8.01;14;8.01;14;8.01;14;8.01;14;8.01;14;8.01;14
I_See;0;2;1.97;5;1.54;7;-2.52;8;9.57;10;6.79;11;12.49;12;14.29;14;3.15;15;-2.01;16;-2.01;16;-2.01;16;-2.01;16;-2.01;16;-2.01;16;-2.01;16;-2.01;16;4.86;17;4.86;17;4.86;17;-0.38;19;-0.38;19;-0.38;19;-0.38;19;-0.38;19;-3.7;21;0.77;22;-3.27;24;-3.27;24;-3.27;24
Shabani Nonda;3;2;3;2;3;2;6.83;5;-10.71;10;-1.82;16;-9.01;20;-1.24;27;6.39;28;10.49;29;10.49;31;10.49;31;8.64;32;15;35;11.55;38;9.82;39;9.82;39;9.82;39;5.43;42;5.43;42;5.43;42;5.43;42;5.43;42;5.43;42;5.43;42;5.46;44;5.46;44;5.46;44;5.46;44;5.46;44
Stanford;0;4;4.82;5;5.89;9;5.89;12;8.31;15;6.69;16;9.72;18;8.71;21;10.22;26;12.82;27;14.44;33;11.12;36;12.22;39;11.26;42;7.38;46;-6.06;48;-13.42;56;18.91;60;17.75;62;13.73;64;15.74;65;17.5;66;15.15;67;18.01;68;18.01;70;21.85;73;21.31;74;22.13;75;22.13;75;22.13;75
%c0%eb%e5%ea%f1%e5%e9+%c3%ee%f0%eb%ee%e2;0;3;4.8;5;4.8;5;4.8;5;4.8;5;4.8;5;4.8;5;4.8;5;4.8;5;6.59;6;9.45;8;12.66;10;14.79;11;16.23;13;11.7;15;9.42;16;9.42;16;9.42;16;9.42;16;9.42;16;9.42;16;9.42;16;9.42;16;9.42;16;9.42;16;9.42;16;9.42;16;9.42;16;9.42;16;9.42;16
x4.DPOH;0;1;2.63;2;5.6;4;5.6;4;6.08;5;8.73;6;8.73;6;12.02;7;15.26;8;15.26;8;12.38;10;12.25;12;12.25;12;12.25;12;6.71;14;7.05;15;7.29;16;7.29;16;4.6;17;4.6;17;1.9;20;8.06;21;8.06;21;8.06;21;8.06;21;10.76;22;13.16;23;13.16;23;13.16;23;13.16;23
Tister;0;1;-4.07;2;-4.07;2;-1.93;3;-1.93;3;-1.93;3;-1.93;3;-1.93;3;0.31;4;1.96;5;1.96;5;1.96;6;-0.86;7;1.51;8;3.68;9;11.47;10;7.39;11;7.39;11;3.32;12;3.32;12;3.32;12;6.9;13;6.9;13;16.3;15;16.3;15;16.3;15;16.3;15;16.3;15;16.3;15;16.3;15
dl1nk0;0;1;0;1;0;1;0;1;0;1;0;1;0;1;0;1;0;1;0;1;0;1;0;1;3.59;2;12.96;4;12.96;4;16.5;6;16.85;8;21.1;9;15.07;10;19.96;12;19.96;12;19.96;12;19.98;14;17.42;16;17.42;16;17.42;16;17.42;16;17.42;16;17.42;16;17.42;16
Kolychiy_man;0;2;0;2;0;2;0;2;0;2;0;2;0;2;0;2;0;2;0;2;8.39;6;12.65;9;14.6;12;13.63;13;9.1;16;16.78;22;9.29;24;9.29;24;9.29;24;9.29;24;9.29;24;9.29;24;17.18;25;17.18;25;17.18;25;17.18;25;17.18;25;17.18;25;17.18;25;17.18;25
Amorales86;0;1;0;1;0;1;0;1;0;1;0;1;0;1;0.97;2;0.97;2;-4.07;4;-4.07;4;-4.07;4;2.17;5;2.17;5;2.17;5;5.94;6;5.94;6;11.79;8;11.79;8;27.07;9;27.07;9;20.74;10;17.11;11;17.11;11;17.11;11;17.11;11;17.11;11;17.11;11;17.11;11;17.11;11
sok16006;0;1;0.78;2;1.93;4;1.93;4;3.73;6;5.6;7;6.79;8;6.79;8;6.79;8;6.79;8;6.79;8;5.65;9;4.5;10;4.5;10;4.5;13;4.5;13;5.47;14;5.47;14;6.47;16;8.29;17;8.29;17;8.29;18;9.25;19;9.25;19;10.12;20;11.33;21;12.31;22;12.31;22;12.31;22;12.31;22
Butovskiy55;0;2;0;2;0;2;0;2;0;2;0;2;0;2;0;2;0;2;0;2;0;2;0;2;0;2;0;2;0;2;0;2;0;2;0;2;0;2;0;2;0;2;3.84;4;7.55;5;8.49;6;9.81;7;9.81;7;11.34;8;11.34;11;10.28;12;10.28;12
Denza_Faradenza;0;2;0;2;6.3;3;10.6;4;11.51;5;12.81;6;13.64;7;13.4;10;12.97;12;5.01;15;1.86;19;13.15;21;17.85;22;17.85;22;17.85;22;21.83;23;23.94;24;20.23;26;17.01;30;17.01;30;17.01;30;17.01;30;20.06;32;20.66;36;18.36;39;17.39;41;20.69;42;17.06;44;17.06;44;17.06;44
abach;0;1;-1.51;2;-1.51;2;-1.51;2;-1.51;2;2.63;3;2.63;3;2.63;3;2.63;5;1.92;6;1.92;7;1.92;7;6.31;8;6.31;8;6.31;8;6.31;8;6.31;8;6.31;8;6.31;8;6.31;9;6.31;9;6.31;9;6.31;9;9.98;11;9.98;11;9.98;11;9.98;11;9.98;11;9.98;11;9.98;11
%c1%f3%ec%e1%e0%f0%e0%f8;0;1;0;1;0;1;0;1;0;1;0;1;0;1;0;1;0;1;0;1;0;1;4.52;2;4.52;2;12.18;3;17.89;4;12.01;5;15.25;6;9.5;7;14.21;8;8.51;9;8.51;10;14.03;11;20.46;12;14.45;13;21.76;14;15.68;16;14.61;18;8.9;19;8.9;19;8.9;19
teman2009;0;7;0;7;0;7;0;7;0;7;0;7;0;7;0;7;0;7;0;7;0;7;0;7;0;7;0;7;0;7;0;7;0;7;0;7;0;7;0;7;0;7;0;7;0;7;0;7;0;7;0;7;-0.66;9;-0.66;9;-0.66;9;-0.66;9
Mr. Anderson;3.57;2;3.57;2;3.57;2;3.57;2;3.57;2;3.57;2;3.57;2;3.57;2;3.57;2;3.57;2;3.57;2;3.57;2;3.57;2;3.57;2;3.57;2;3.57;2;3.57;2;13.3;6;8.77;8;17.14;9;20.07;15;3.74;16;3.74;16;7.15;17;7.15;17;7.15;17;9.12;19;9.12;19;9.12;19;9.12;19
protos_1878;0;1;2.36;3;5.26;5;5.26;5;1.06;6;-0.96;7;-0.96;7;4.17;8;6.72;9;6.72;9;8.83;11;6.94;12;6.94;12;6.15;14;6.15;14;6.15;14;1.91;15;4.49;16;4.49;16;4.49;17;4.49;17;6.49;18;2.55;20;2.55;20;2.55;20;2.55;20;2.55;20;2.55;20;2.55;20;2.55;20
sitchim;0;2;0;2;0;2;0;2;0;2;0;2;0;2;0;2;0;2;0;2;0;2;0;2;0;2;0;2;0;2;0;2;0;2;0;2;0;2;0;2;0;2;0;2;0;2;0;2;0;2;0;2;0;2;-3.26;9;-3.26;9;-3.26;9
Karelia10;4.63;1;0;2;-1.31;3;-1;5;-1.07;7;-6.02;9;-2.41;11;-1.17;12;-2.48;14;-3.79;16;-1.68;18;1.51;19;2.66;20;3.79;23;3.79;23;5.19;24;8.18;28;8.18;28;8.18;28;9.63;29;10.99;30;10.99;30;9.68;33;9.68;33;7.97;34;7.97;34;6.66;35;6.66;35;6.66;35;6.66;35
hochudeneg13;1.48;8;1.91;11;4.43;20;4.43;20;7.02;27;7.53;31;7.34;37;8.33;39;8.48;45;8.82;48;8.95;53;10.19;58;11.73;61;10.98;66;9.57;69;9.81;72;4.41;74;4.41;74;5.85;78;7.72;79;7.72;79;8.31;80;8.31;80;8.31;80;8.31;80;8.31;80;8.31;80;8.31;80;8.31;80;8.31;80
poskrebyshev13;0;1;0;1;-2.2;3;-1.01;5;-5.96;6;-3.96;8;-8.77;9;-8.77;9;-8.77;9;-8.77;9;-2.48;10;-2.48;10;-2.48;10;-2.48;10;-2.48;10;-2.48;10;-2.48;12;-2.48;12;-2.48;12;-2.48;12;-2.48;12;-2.48;12;-2.48;12;-2.48;12;-2.48;12;-2.48;12;-2.48;12;-2.48;12;-2.48;12;-2.48;12
HockeyBro;0;3;0;3;10.26;5;10.26;5;10.26;5;10.26;5;10.26;5;10.26;5;10.26;5;10.26;7;4.34;8;4.34;8;4.34;8;4.34;8;4.34;8;4.34;8;4.34;8;4.34;8;4.34;8;4.34;8;4.34;8;-0.88;12;-0.88;12;-0.88;12;-0.88;12;7.89;13;7.89;13;7.89;13;7.89;13;7.89;13
Dendar17;0;4;0;4;0;4;0;4;0;4;0;4;0;4;0;4;0;4;0;4;0;4;0;4;0;4;0;4;0;4;0;4;0;4;0;4;-1.16;6;-1.16;9;-1.16;9;9.86;11;5.27;13;5.27;13;5.27;14;5.26;15;5.26;15;5.26;15;5.26;15;5.26;15
nicolay8;3.29;1;-4.93;4;-6.75;7;-2.22;10;-4.17;11;-3.17;12;-1.24;14;-9.19;19;-12.76;23;-14.25;24;-15.68;26;-9.73;32;-7.74;34;-4.98;36;-2;38;-10.2;41;-6.08;44;-14.61;47;-14.8;50;-6.13;52;-4.58;54;-3.41;58;-0.07;61;2.17;64;2.17;64;5.72;68;0.5;71;0.17;74;4.46;76;4.46;76
max112rus;0;1;0;1;0;1;0;1;0;1;0;1;0;1;0;1;0;1;0;1;0;1;0;1;0;1;0;1;0;1;0;1;0;1;0;1;0;1;-4.95;3;-7.3;4;-3.89;6;-0.78;7;-5.73;9;-7.78;10;-4.14;11;-0.55;12;3.66;13;3.66;13;3.66;13
Nik2006;0;1;0;1;0;1;0;1;0;1;0;1;2.27;2;3.87;3;0.53;4;0.53;4;-2.8;5;-2.8;5;-2.8;5;-2.8;5;-6.13;6;-6.13;6;-6.13;6;-6.13;6;-6.13;6;-6.13;6;-6.13;7;-6.13;7;-6.13;7;-3.23;8;-1.77;9;0;11;2.7;12;2.7;12;4.63;13;4.63;13
Footbets11;0;4;-0.73;5;-4.71;6;-4.71;9;-4.71;9;5.62;12;5.62;13;5.62;13;9.62;14;9.62;14;9.62;15;9.62;17;3.13;20;3.13;20;5.27;21;5.27;21;8.92;22;8.92;22;6.76;25;6.4;27;6.4;28;8.03;30;5.7;31;7.71;32;7.32;36;7.32;36;0;41;5.76;44;5.76;44;5.76;44
dubsidia;0;2;0;2;0;2;0;2;0;2;0;2;0;2;0;2;0;2;0;2;0;2;0;2;0;2;0;2;0;2;0;2;6.9;3;10.06;4;6.74;6;6.74;6;6.77;8;4.72;10;4.72;11;4.72;11;4.72;11;4.72;11;4.72;11;4.72;11;4.72;11;4.72;11
stiffyx;0;1;6.24;3;9.17;5;12.47;7;6.1;8;0.79;10;0.79;10;5.55;13;5.55;13;5.55;13;0.99;14;0.99;14;0.99;14;0.99;14;0.99;14;0.99;14;0.99;14;0.99;14;0.99;14;0.99;14;0.99;14;0.99;14;0.99;14;0.99;14;0.99;14;0.99;14;0.99;14;0.99;14;0.99;14;0.99;14
Gleb_Chorniy;0;2;0;2;0;2;0;2;0;2;0;2;0;2;0;2;0;2;0;2;0;2;0;2;0;2;0;2;0;2;0;2;0;2;0;2;0;2;0;2;0;2;0;2;0;2;0;2;0;2;3.51;7;4.41;9;3.65;11;3.65;11;3.65;11
igor.stadnik;0;1;0;1;7.3;2;7.3;2;7.3;2;7.3;2;1.95;3;1.95;3;4.65;4;4.65;4;4.65;4;4.65;4;4.65;4;4.65;4;6.26;5;6.26;5;3.72;8;5.91;12;-6.56;16;13.67;17;13.67;17;16.22;18;10.42;19;10.42;19;10.42;19;10.42;19;10.42;19;10.42;19;10.42;19;10.42;19
Kazzzz;0;3;0;3;0;3;0;3;0;3;0;3;0;3;0;3;0;3;0;3;0;3;6.75;8;5.56;11;0.3;13;7.72;16;30.68;20;30.68;20;30.68;20;30.68;20;30.68;20;30.68;20;37.52;22;42.34;25;34.4;28;39.65;30;26.08;32;13.83;34;13.83;34;13.83;34;13.83;34
%ce%f1%f2%f0%e0%ff_%e0%ed%e0%eb%e8%f2%e8%ea%e0;0;1;0;1;0;1;0;1;0;1;0;1;0;1;0;1;0;1;3.47;2;5.74;4;5.74;4;10.21;6;10.21;6;10.21;7;4.71;8;9.73;9;9.73;9;18.72;11;18.72;11;18.72;11;18.72;11;9.84;12;9.84;12;9.84;12;9.84;12;9.84;12;9.84;12;9.84;12;9.84;12
Bebeshka;0;1;0;1;0;1;0;1;0;1;0;1;0;1;0;1;0;1;0;1;0;1;0;1;-3;2;-3;2;-3;2;-6.88;7;-6.88;7;4.22;17;4.22;17;4.22;17;4.22;17;4.22;17;4.22;17;4.22;17;4.22;17;4.22;17;4.22;17;4.22;17;4.22;17;4.22;17
andreas.haas;0;3;2.35;7;1.8;9;3.74;12;9.89;17;9.89;17;9.89;17;9.89;17;14.18;18;14.18;18;14.18;18;14.18;18;8.5;19;9.58;20;5.18;21;6.49;22;7.82;23;7.82;23;7.82;25;7.82;25;11.88;26;7.99;27;7.99;27;8.7;29;2.97;31;4.75;33;2.25;34;2.25;34;5.06;37;5.06;37
NE FAKT;0.03;3;-3.21;5;-3.21;5;-3.21;5;-9.7;8;-21.75;11;-21.75;11;-10.67;15;-13.38;17;-9.63;20;-7.49;22;-7.49;22;-1.87;26;-5.48;31;-5.48;31;-4.17;35;1.38;38;-2.85;44;-6.66;49;-6.47;50;-8.52;53;-8.52;53;-4.08;57;-9.01;59;0.42;65;-5.25;67;-11.8;69;-11.8;69;-3.22;71;-3.22;71
aratymosha;0;1;0;1;0;1;0.31;3;0.31;3;-0.19;5;0.72;6;0.41;8;0.41;8;0.41;8;0.41;8;1.01;10;1.01;10;1.65;12;2.16;13;2.4;14;2.83;16;2.83;16;3.22;18;2.72;19;2.22;21;2.89;22;2.89;22;3.78;23;2.74;24;2.74;25;2.74;25;2.74;25;3.96;26;3.96;26
Muguruza;-4.36;1;-4.36;1;-4.36;1;-4.36;1;-4.36;2;4.42;3;4.42;3;4.42;3;4.42;3;4.42;3;4.42;3;0.24;5;0.24;5;-4.12;6;-13.46;7;-13.46;7;-13.46;7;-17.77;9;-17.77;9;-7.31;10;-7.31;11;-4.34;12;-4.34;12;-4.34;12;-4.34;12;-4.34;12;-4.34;12;-4.34;12;-4.34;12;-4.34;12
%ca%ee%f1%ec%e8%f7%e5%f1%ea%e8%e9+%eb%e8%f1;0;1;1.05;3;2.47;4;4;6;6.98;9;4.83;11;4.83;11;1.58;12;2.49;14;4.97;15;6.11;18;8.29;19;10.33;22;2.53;24;4.44;25;5.22;26;-0.04;27;-0.04;27;1.64;28;1.64;28;1.64;28;1.64;28;1.64;28;1.64;28;1.64;28;1.64;28;1.64;28;1.64;28;1.64;28;1.64;28
1%cf%ee%e6%e8%eb%e0%ff+%d7%e5%e1%f3%f0%e0%f8%ea%e01;5.43;6;4.59;9;-1.25;10;-1.25;10;-1.25;10;-1.25;10;-1.25;10;-1.25;10;-1.25;10;-1.25;10;3.54;11;3.54;11;-1.58;17;-1.58;17;4.37;25;17.18;29;24.69;32;34.56;40;20.13;48;32.7;53;35.7;57;29.28;59;29.28;59;29.28;59;29.28;59;22.83;61;18.02;67;3.55;68;-1.58;69;-1.58;69
evgeni071;0;1;0;1;0;1;0;1;0;1;0;1;0;1;0;1;0;1;0;1;0;1;0;1;2.85;8;2.85;8;2.85;8;2.85;8;2.85;8;2.85;8;2.85;8;2.85;8;2.85;8;2.85;8;28.91;15;10.77;20;10.77;20;10.77;20;4.33;25;2.19;29;-2.73;37;-2.73;37
lombuuka;0;2;0;2;0;2;-0.64;3;-3.61;5;-3.61;5;-3.61;5;-3.61;5;-3.61;5;-3.61;5;-3.61;5;-3.61;5;-3.61;5;-3.61;5;-3.61;5;-3.61;5;-3.61;5;-3.61;5;-3.61;5;-3.61;5;0.18;6;1.77;7;4.47;8;4.47;9;6;10;6;10;4.78;13;4.78;13;4.78;13;4.78;13
Mr_Simpson;0;3;0;3;0;3;0;3;0;3;0;3;0;3;1.02;4;2.48;5;2.48;5;2.93;6;2.93;6;4.19;9;4.19;10;6.82;11;6.82;11;4.37;13;0.18;14;0.18;14;0.18;14;0.18;14;0.18;14;-4.81;15;-4.81;15;-4.81;15;-1.63;17;-1.63;17;-1.63;17;-1.63;17;-1.63;17
duudeesport;0;2;5.29;3;1.09;5;1.09;5;-7.77;7;-7.77;7;-7.77;7;-7.77;7;-7.77;7;-7.77;7;-7.77;7;-7.77;7;-7.77;7;-5.21;8;-2.43;9;-6.33;11;-6.33;11;-6.33;11;-6.33;11;-6.33;11;-13.69;13;-13.69;13;-14.75;14;-10.75;15;-8.25;16;-2.07;17;-0.04;18;-4.05;19;-3.43;20;-3.43;20
Antoha1927;0;1;0;1;0;1;3.1;2;3.1;2;3.1;2;3.1;2;3.1;2;5.56;3;5.56;3;5.56;4;2.94;6;7.82;7;7.82;7;7.82;7;7.82;8;4.54;10;4.54;11;4.54;11;3.78;12;3.78;12;3.78;13;4.69;14;4.69;14;4.69;14;4.69;14;4.69;14;4.69;14;4.69;14;4.69;14
tsitsipas;0;2;-0.99;5;3.57;8;6.63;12;8.22;16;2.22;17;4.62;19;0.42;22;2.91;24;7.92;26;-1.08;33;2.25;40;-4.56;42;-2.37;43;-3.03;45;-6.03;46;-6.63;49;-6.63;49;-12.25;50;-7.51;52;0.21;54;-8.39;57;-2.91;59;1.23;61;3.64;63;-1.96;67;-4.47;69;-2.1;71;1.88;72;1.88;72
marina2901;0;1;0;1;0;1;0;1;0;1;0.97;2;2.07;3;2.07;3;2.07;3;2.07;3;0.3;5;0.3;5;0.44;9;0.44;9;1.02;10;1.47;11;-0.3;14;-0.3;14;0.32;16;0.74;17;0.74;17;0.74;17;0.74;17;0.74;17;0.74;17;0.74;17;0.74;17;0.74;17;0.74;17;0.74;17
superions;16.54;11;17.98;14;11.13;19;24.83;24;35.19;28;45.24;37;39.9;41;47.57;53;58.9;56;64.17;64;75.29;70;90.06;76;71.57;82;70.43;88;62.54;94;57.8;97;47.31;103;47.31;105;27.05;107;31.69;112;22;120;17.49;122;15.91;126;4.16;130;3.44;132;2.91;133;-3.17;135;-0.79;137;1.54;141;1.54;141
BadCapper78;0;3;0;3;0;3;0;3;0;3;0;3;0;3;0;3;0;3;0;3;7.44;6;7.44;6;11.15;9;11.15;9;12.11;11;12.11;12;10.79;13;11.44;15;12.74;18;9;19;9;20;3.59;21;3.59;21;3.59;23;3.59;23;3.59;23;-2.71;25;-2.71;25;0.96;28;0.96;28
Anton9393;0;1;3.67;4;3.67;4;3.67;4;3.67;4;3.67;4;3.67;4;3.67;4;3.67;4;3.67;4;3.67;4;3.67;4;2.31;8;2.31;8;5.62;9;7.83;10;10.03;11;12.33;12;11.12;15;20.16;18;18.04;20;20.31;22;18.78;24;10.03;25;10.03;25;14.9;31;6.14;33;6.14;33;0.41;37;0.41;37
onway1986;0;1;0;1;0;1;0;1;0;1;0;1;0;1;0;1;0;1;0;1;0;1;0;1;0;1;0;1;0;1;0;1;0;1;0;1;0;1;0;1;0;1;0;1;3.6;2;8.25;3;14.45;6;14.45;6;14.45;6;8.75;8;11.21;10;11.21;10
andrey.korablev;0;1;-1.55;3;-1.55;3;-1.55;3;0.46;4;1.06;5;1.06;5;-1.96;6;-4.38;7;-9.14;8;-11.56;9;-9.64;10;-9.64;11;-9.64;11;-12.06;12;-14.69;13;-13.75;14;-13.75;15;-11.24;16;-9.54;17;-9.54;17;-8.24;18;-6.86;19;-6.86;19;-5.57;20;-4.06;22;-0.15;23;-0.15;23;-0.15;23;-0.15;23
Odrbjj;0;5;0;5;0;5;0;5;0;5;0;5;0;5;0;5;0;5;0;5;0;5;0;5;0;5;0;5;0;5;0;5;0;5;0;5;16.92;8;10.43;10;9.85;12;9.96;14;9.96;14;9.96;14;9.96;14;9.96;14;9.96;14;9.96;14;9.96;14;9.96;14
Sportprognoz-Ukraine;0;3;0;3;0;3;0;3;0;3;-8.14;7;-8.14;7;-6.58;10;-4.18;11;-2.75;12;-2.75;14;-2.75;14;-2.75;14;-6.3;16;-4.84;17;-4.84;17;-3.04;18;-3.04;19;-1.43;20;-0.6;22;-0.6;22;-0.6;22;-0.6;22;-0.6;22;-0.6;22;-0.6;22;-0.6;22;-0.6;22;-0.6;22;-0.6;22
Aysentea;2.13;3;2.13;3;2.13;3;2.13;3;2.13;3;2.13;3;2.13;3;2.13;3;2.13;3;2.13;3;2.13;3;2.13;3;2.13;3;2.13;3;2.13;3;2.13;3;0.67;7;5.39;11;5.39;11;5.39;12;3.29;14;3.55;15;3.55;15;3.55;15;3.55;15;3.55;15;3.55;15;3.55;15;3.55;15;3.55;15
kisel064064;0.68;4;0.68;4;0.68;4;0.68;4;0.68;4;0.68;4;0.68;4;0.68;4;0.33;7;2.38;9;2.38;9;7.14;16;-8.53;22;-8.53;22;-8.53;22;-0.34;27;8.93;30;10.42;32;-0.27;34;-0.54;38;13.62;42;3.1;43;5.5;44;5.5;44;5.5;44;5.5;44;5.5;44;5.5;44;5.5;44;5.5;44
Sheptoon;0;2;0.72;5;-11.69;8;-11.69;8;-11.69;8;-11.69;8;-11.69;8;-11.69;8;-11.69;9;-16.56;12;-16.56;12;-12.47;14;-12.47;14;-8.7;15;-12.68;16;-10.79;17;-10.79;17;-10.79;17;-10.79;17;-8.04;18;-8.04;18;-8.04;18;-8.04;18;-5.82;19;-8.51;21;-1.16;22;-1.16;22;-4.98;24;0.49;26;0.49;26
RussianFootball;0;2;0;2;0;2;0;2;0;2;0;2;0;2;0;2;0;2;0;2;0;2;0;2;0;2;0;2;0;2;0;2;0;2;0;2;0;3;1.48;5;6.09;7;10.71;12;5.18;13;5.18;13;5.18;13;5.18;13;5.18;13;5.18;13;5.18;13;5.18;13
Pasha_1978;0;2;0;2;0;2;0;2;0;2;0;2;0;2;0;2;0;2;0;2;5.63;3;7.26;6;3.76;8;3.58;13;3.58;13;3.58;13;3.58;13;3.58;13;3.58;13;-1.19;14;-1.19;14;-1.19;14;2.75;15;2.75;15;2.75;15;2.75;15;2.75;15;2.75;15;2.75;15;2.75;15
vasily19731973;0;1;0;1;0;1;0;1;0;1;10.31;4;9.35;6;6.08;7;6.08;7;6.08;7;0.78;8;3.9;9;0.77;10;0.77;10;0.77;10;0.77;10;0.77;10;0.77;10;0.77;10;0.77;10;0.77;10;2.08;11;2.08;11;2.08;11;2.08;11;2.08;11;2.08;11;2.08;11;2.08;11;2.08;11
Football2020;0;1;-5.25;2;-10.5;10;-5.78;15;-11.71;19;-10.82;25;7.14;27;-8.67;36;1.31;43;11.92;52;27.31;60;19.43;68;-3.23;76;-13.1;82;-22.77;84;-22.77;84;-22.77;84;-22.77;84;-22.77;84;-22.77;84;-22.77;84;-33.27;87;-33.27;87;-33.27;87;-33.27;87;-30.86;98;-7.17;106;-11.27;114;-5.54;122;-5.54;122
ShirokovD;0;2;0;2;0;2;0;2;0;2;0;2;0;2;0;2;0;2;0;2;0;2;0;2;0;2;0;2;0;2;0;2;0;2;0;2;0;2;0;2;0;2;0;2;2.3;10;-2.7;13;-0.65;16;-0.65;16;-2.86;17;-2.86;17;-2.86;17;-2.86;17
ZorroZ;0;1;-0.51;2;-1.02;5;-1.02;5;-1.82;9;-1.61;10;-1.61;10;-2.09;11;-2.09;11;-2.09;11;-2.57;13;-2.74;16;-5.72;17;-5.72;17;-5.72;17;-6.2;18;-6.2;18;-5.74;21;-4.65;24;-4.73;26;-4.73;26;-4.36;28;-4.36;28;-4.36;29;-4.84;31;-4.21;34;-3.76;36;-3.76;36;-2.68;37;-2.68;37
Victor Quandt;0;1;1.17;2;-1.55;3;-0.07;5;1.58;6;-1.14;7;0.85;8;2.81;9;4.6;10;6.51;11;6.51;11;6.51;11;6.51;11;6.51;11;7.76;12;9.64;13;11.82;14;11.82;14;11.82;14;11.82;14;11.82;14;11.82;14;11.82;14;9.09;16;9.09;16;2.64;18;0.88;19;-1.84;20;-1.84;20;-1.84;20
andrey.ugnivenko;0;2;5.66;3;1.43;4;-2.63;5;-6.24;7;-1.51;9;-6.18;11;-2.53;12;-2.53;12;-2.53;12;-6.43;14;-1.81;15;1.51;16;6.05;17;2.86;19;10.46;21;8.75;24;6.54;25;6.54;25;11.11;27;11.11;30;-6.12;31;-9.88;32;-6.48;33;-3.77;34;-3.77;34;-7.39;35;-11.01;36;-11.01;38;-11.01;38
POZITRON;0;2;0;2;0;2;0;2;0;2;0;2;0;2;0;2;0;2;0;2;0;2;0;2;0;2;0;2;0;2;0;2;0;2;0;2;0;2;0;2;10.04;3;10.04;3;14.65;5;12.2;7;1.34;8;3.46;10;-5.55;11;-5.55;11;-5.55;11;-5.55;11
Atennikov;0;3;2.79;7;12.5;8;15.69;11;24.7;12;28.81;13;32.03;14;28.44;18;34.71;19;28;22;28.69;25;31.17;28;33.82;29;33.82;31;36.22;32;42.93;36;27.1;39;24.22;40;19.49;41;7.52;42;7.52;42;7.52;42;2.16;43;4.19;46;8.78;49;8.78;49;3.35;51;1.28;53;-7.59;55;-7.59;55
juventusfan17041979;0;1;-5.01;3;-7.66;4;-7.66;4;-0.95;6;-3.61;7;-3.61;7;-8.61;8;-8.61;9;-9.31;13;-9.31;13;-9.31;13;-9.31;13;-9.31;13;-8.11;18;-8.11;18;-3.76;20;-3.76;20;-3.76;20;15.97;22;15.97;22;10.97;23;5.96;25;5.96;25;5.96;25;5.96;25;5.96;25;5.96;25;5.96;25;5.96;25
Kaissachess;0;1;6.45;2;8.31;4;11.56;5;13.85;6;13.85;6;13.85;6;18.54;7;18.54;7;12.61;8;12.61;8;12.61;8;12.61;8;12.61;8;12.61;8;6.98;9;6.98;9;1.64;13;1.64;13;1.78;14;1.78;14;1.78;14;12.47;17;2.88;18;-2.27;19;-7.15;20;-11.8;21;-10.45;22;-9.52;23;-9.52;23
Domifan;0;1;-5;3;-5;3;-6.76;4;-6.76;4;-4.3;5;-9.06;6;-4.53;7;-1.53;9;-3.65;10;0.23;11;0.23;11;0.23;11;3.18;12;3.18;12;-1.97;13;-1.97;13;0.72;14;-4.31;15;-4.31;15;-9.07;17;-17.9;18;-13.19;19;-10.38;20;-10.38;20;-10.38;20;-10.38;20;-10.38;20;-10.38;20;-10.38;20
Avangard46;0;3;1.7;8;-2.96;9;-2.96;9;-2.96;9;-2.96;9;-1.12;11;-2.86;12;-5.78;14;-6.05;15;-2.86;17;-2.9;20;-1.9;25;-0.82;28;-6.62;36;-13.29;38;-13.29;38;-13.29;38;-13.78;39;-13.78;39;-13.78;39;-11.98;40;-11.98;40;-11.98;40;-9.59;41;-9.59;41;-9.59;41;-7.22;42;-7.22;42;-7.22;42
Gufik;0;1;0;2;1.78;3;3.8;4;3.8;6;1.79;7;1.79;8;4.11;9;0.99;11;-0.25;12;1.51;13;3.89;15;3.65;16;3.65;16;0.06;17;0.06;18;0.06;18;2.02;19;-2.04;23;-4.38;25;-8.1;26;-5.7;27;-3.71;28;-1.91;29;-1.91;29;-1.91;29;-4.85;30;-4.85;32;-4.85;32;-4.85;32
%cb%fe%f2%e8%ea;0;4;-11.01;5;-11.01;5;-11.01;5;-11.01;5;-11.01;5;-11.01;5;-11.01;5;-11.01;6;-12.46;8;-12.46;8;-12.46;8;-12.46;8;-12.46;8;-12.46;8;-12.46;8;-12.46;8;-12.46;8;11.66;17;-4.22;22;-8.04;23;-12.62;29;-12.62;29;-12.62;29;19.1;37;4.26;38;7.74;39;2.36;40;2.36;40;2.36;40
Ye9or;0;2;0;2;0;2;0;2;0;2;0;2;0;2;0;2;0;2;0;2;0;2;0;2;0;2;0;2;0;2;0;2;0;2;0;2;0;2;0;2;0;2;-7.84;6;-7.84;6;-4.8;7;-1.39;11;-11.8;14;-3.81;16;-12.28;17;-12.28;17;-12.28;17
akasyanenko;0;2;0;2;0;3;0;3;0;3;0;3;1.3;4;1.3;4;1.3;4;1.3;4;1.3;4;1.3;4;1.3;4;1.3;5;1.3;5;-1.16;7;-3.66;8;-3.66;8;-3.66;8;-3.66;8;-3.66;8;-3.66;9;-3.66;9;-3.66;10;0;13;0;13;0;13;0;13;0;13;0;13
buxbet;0;1;0;1;2.84;2;2.84;2;-0.4;3;3.54;4;3.54;4;-1.5;5;1.38;6;1.38;7;1.38;7;2.97;8;2.97;8;2.97;8;2.97;10;-5.91;12;-3.47;13;-3.47;13;-8.28;15;-12.85;16;-10.69;17;-13.73;19;-13.73;19;-13.73;19;-13.73;19;-11.45;20;-11.45;20;-11.45;20;-11.45;20;-11.45;20
Alone in the Dark;0;1;1.47;2;-2.59;3;-1.04;5;0.59;6;-2.34;7;-5.4;8;-3.55;9;-2.01;11;1.68;12;2.84;13;4.52;15;2.86;16;-2.27;17;-1.13;18;0.69;20;-0.18;21;1.71;24;-2.27;26;-4.93;28;-6.77;29;-4.54;30;-1.24;31;-5.19;32;-9.92;33;-14.4;34;-14.4;34;-14.4;34;-12.57;35;-12.57;35
Andrey18;0;2;0;2;0;2;0;2;0;2;0;2;0;2;0;2;0;2;0;2;0;2;0;2;0.35;4;2.51;6;0.83;9;1.28;14;1.39;16;0.25;18;2.06;20;-2.03;21;2.02;22;-2.57;23;-2.57;23;-2.57;23;-2.57;23;-6.46;24;-6.46;24;-6.46;24;-6.46;24;-6.46;24
Professor_zoom;0;10;-4.19;20;-4.19;20;-4.19;20;-4.19;20;-9.48;24;-9.48;24;-9.48;24;-9.48;24;-9.48;24;-6.86;25;-6.86;25;-6.86;25;-6.86;25;-6.86;25;-6.86;25;-6.86;25;-6.86;25;-6.86;25;-6.86;25;-6.86;25;-6.86;25;-6.86;25;-6.86;25;-6.86;25;-6.86;25;-6.86;25;-6.86;25;-6.86;25;-6.86;25
Kharitosha;0;2;0;2;0;2;1.61;4;1.61;4;1.61;4;1.61;4;-7.29;7;3.37;13;7.15;20;7.15;20;8.65;25;8.65;25;8.65;25;8.65;25;16.3;28;9.95;33;9.95;33;9.95;33;8.08;35;8.08;35;8.08;35;8.08;35;-2.43;38;-2.43;38;-2.43;38;-2.43;38;-2.43;38;-2.43;38;-2.43;38
nestor154;0;1;0;1;0;1;0;1;-4.25;3;-4.25;3;-4.25;3;-4.25;3;-1.71;6;0.55;8;3.65;11;2.23;13;7.53;15;10.9;19;21.28;23;22.67;27;16.11;28;10.33;32;9.6;34;17.03;38;19.35;42;2.66;43;-2.44;45;1.97;46;-2.69;50;-12.12;53;-12.12;53;-12.12;53;-12.12;53;-12.12;53
lama;-4.34;4;-13.03;7;-18.76;13;-8.34;17;-4.3;22;5.69;26;11.68;27;11.55;33;-10.16;36;-18.84;39;-20.23;42;-23.93;48;-25.58;50;-16.8;55;-10.42;57;-14.76;58;-19.11;61;-10.07;66;-23.1;69;-6.43;71;-10.77;75;-7.9;80;-13.16;83;-8.68;85;-2.08;87;-7.16;93;-8.42;94;-10.51;97;-7.43;99;-7.43;99
well_done;0;1;0;1;0;1;0;1;0;1;0;1;0;1;0;1;0;1;0;1;3.48;2;3.48;2;-1.79;3;2.48;7;2.48;7;2.48;7;2.48;7;13.12;8;6.06;11;10.8;12;5.27;14;-5.8;19;-9.34;20;-6.28;21;-6.28;21;-6.28;21;-11.55;22;-11.55;22;-11.55;22;-11.55;22
alina.semenova;0.49;2;-0.26;4;-0.26;4;-3.95;5;-8.1;7;-6.12;9;-4.76;10;-9.52;11;-9.52;11;-9.52;11;-9.52;11;-9.52;11;-9.52;11;-9.52;11;-9.52;11;-9.52;11;-9.52;11;-9.52;11;-9.52;11;-9.52;11;-9.52;11;-9.52;11;-13.14;12;-13.14;12;-13.14;14;-13.14;14;-14.39;15;-14.39;15;-14.39;15;-14.39;15
taugres1981;0;4;10.98;9;8.55;11;-0.78;16;-1.93;20;-14.09;21;-20.83;24;-17.86;27;-26.06;30;-26.06;30;-23.12;32;-20.62;38;-15.56;39;-11.77;43;7.03;47;10.68;53;22.42;60;4.76;68;4.31;73;-18.78;77;-30.53;81;-30.53;81;-30.53;81;-30.53;81;-26.82;90;-28.16;95;-41.63;101;-31.67;106;-17.36;112;-17.36;112
hanterbash;0;3;1.29;4;0.27;6;-2.89;9;-3.35;12;2.64;15;-1.99;23;-10.56;28;-10.56;28;-9.94;31;-9.94;31;-9.94;31;-9.94;31;-9.94;31;-9.94;31;-9.94;31;-8.99;32;-11.43;40;-11.43;40;-11.43;40;-11.43;40;-11.43;40;-11.28;44;-16.79;46;-16.79;46;-16.79;46;-16.79;46;-16.79;46;-16.79;46;-16.79;46
BandyTime;0;3;-1.42;11;4.04;17;3.3;25;5.54;32;9.23;42;2.56;44;7.21;47;2.82;53;-1.58;56;-10.4;70;-1.3;75;-0.73;80;-0.73;80;4.37;84;0.37;90;-10.55;94;-18.22;98;-18.94;103;-20.45;105;-20.45;105;-20.45;105;-20.45;105;-20.45;105;-26.64;107;-26.64;107;-26.77;109;-26.77;109;-26.77;109;-26.77;109
